# numpy 2.3.5 opencv 4.11.0; pixels_sha256 = sha256 of uint16 little-endian RGB, top row first
output	input	input_sha256	output_sha256	pixels_sha256	width	height	linear_scale	prefilter_sigma	licence
env_studio_small_09.png	studio_small_09_1k.hdr	e7cfda5f4e98e623db12b8bfd0184e048488e4855d9c83e2751fb44a32e80c45	50f137730eae455c136f7addce89bf4af76029f4299de9810b82615422cee584	cfb80ba00e785ecddd1aedf00daf82d0cf2bf96f18cdae4fab7d448fddad46e3	512	256	16	2	CC0-1.0
env_kloofendal_48d_partly_cloudy_puresky.png	kloofendal_48d_partly_cloudy_puresky_1k.hdr	fd94c84997b8a3c353b62c2125a9b44e19509956986a126e472684432a02d798	d325eaaf3bac94e8d92a689b3d3ebbf02aba73e8bbb326ee1cb710f67377e672	29c491eb8efa427a8d1984406ff4b9df842b64cdccb7acef0e5182c4091e230c	512	256	16	2	CC0-1.0
env_courtyard.png	courtyard_1k.hdr	aa4197f6136a70ea01eca5dadb0cca70633557f1ed98e2599917019e03d94526	58566b941e002b81ef161da52029fd01caa28ef1be8446ed95aee073aa8e16d0	10780280c07d1eb0d8a0cf6b44820918ea4bca9b599b136a4b38fafd4898e29d	512	256	16	2	CC0-1.0
matcap_basic_grey_diffuse.png	basic_grey_diffuse.hdr	0be42632d0ff8c713d5fd81bebd48ceb0ccc05d86b7529882a102562d4d8ba9d	8fd0134bb0d236cf843a3fc94a47275ccae5d314cbfd5b3c218bcb0f054d7f40	ed5ea67d06d3a3653b2191f2a5fc307545469ca751404f348b55d5d5d84908d7	256	256	16	0	CC0-1.0
matcap_basic_grey_specular.png	basic_grey_specular.hdr	39f266847ac02747a15e0d0a5fba770349c979df84ae26bf4068cea32d2c1628	57429865dab4e8dcd3754df7efe21195ec2421ff4d0b948d0b77b4a1401710ba	9434c1eb86091a0f7408b8ea73b8d21f033c5f26d04220208025dde9bad14dd6	256	256	16	0	CC0-1.0
matcap_basic_side_diffuse.png	basic_side_diffuse.hdr	57af677463e3d3025d4d2d843fa8f37361415daca10b853475db8cfb0f299850	9cebde518da3676ed39a6f1cbf437b603077a9b3ff5bb7f0fc7c75744f3f124a	d47c1731c77b63df72d772509d7590838e6edd78b6554a6f74ec00f47a959967	256	256	16	0	CC0-1.0
matcap_basic_side_specular.png	basic_side_specular.hdr	ce225094ad3eb749e5e3a33d08ef5329ed2f8a1943cba6ee6e0d44d5810822c9	b2d7f5ed9d2bbd758adb8c06e608abcb7b3effbd3f0da3a67bf1ea6db59b04f9	eb62ec1f00850445dcb3a1fdef122563f4f9b618c7add203066e453ae10aae39	256	256	16	0	CC0-1.0
matcap_clay_studio_diffuse.png	clay_studio_diffuse.hdr	995a97e3f5f6a50ff224d00ae8e2121d67dcac2748a44480e0f2a1e9c86ece4e	889818cc9c5fb7c1ee42ed99a65cf77f983aa844e55f7981bc18f4d73da36a60	f3f8090401f80e5b209a6f486dadf240b6fc29ea61f1e1528bd7935d28a96e67	256	256	16	0	CC0-1.0
matcap_clay_studio_specular.png	clay_studio_specular.hdr	4291d71a71e884b7dcde4224137328a1808bb2b73a3e0d2136cc16c7c49729c6	ba4297eacd88d00d26e84e05b28662f048bd493a873e7679074197d3e671b068	e22bde21693a0fdcd84d565a5d314344416f5f8c4447cbc536817eb18d11f087	256	256	16	0	CC0-1.0
matcap_ceramic_lightbulb_diffuse.png	ceramic_lightbulb_diffuse.hdr	85525288197d8c93df814eb88f7864d23fa7c35fef18a0468733f44e75266b9a	22eff88cf8a5837061ef1261bf084fc41a7f6e1e8a1ee2fb613691a8205df469	649a12c6fb4cc430271cd673990b3146fdf7591506717ff455eb06d5009ee299	256	256	16	0	CC0-1.0
matcap_ceramic_lightbulb_specular.png	ceramic_lightbulb_specular.hdr	3a24f13513ad48cb7a0c154c2576284efd7380e418ab7345c2fd92317b1129f4	9aa1fabf6d046db241b533f93bae26f1bb8b17c5f3168af6997e8ba0df26ab0e	295b9772039d8d553eb7297a2f4e4ea9b36eaaa6ca0db0518f6b36f231f51609	256	256	16	0	CC0-1.0
matcap_hard_surface_grey_diffuse.png	hard_surface_grey_diffuse.hdr	69f911f535b8dc5b60128269d757895fe3f985cc4cad9d50197043c5954e124f	54d481876618b77a97ca6c1008194c32984803de01af0eb801ae4d92409485a5	40867c78ab8d5bf27759506e809e104028bd277df30addb8f0302a09bc1b156c	256	256	16	0	CC0-1.0
matcap_hard_surface_grey_specular.png	hard_surface_grey_specular.hdr	fa10fc489e309d7d13d20042217fbfd1926d75f26246750117f6120b3eac36a9	1e19d508acf2b8be06b2281f119b716cb57e5a90318583ebc98d7e07d7040321	93fa6b91347092938b95ef47e74d2be5eedf12178ecfcb615d491a3db133fef9	256	256	16	0	CC0-1.0
matcap_metal_carpaint_diffuse.png	metal_carpaint_diffuse.hdr	2af80df8706fdb1b8e1565b3f3a836076878edcbb611acdaf91bb4425c5a9e05	33e251e64110623837b6c69166bad0bccda4af16d7113ec77ea142113f6b876f	316af3b1a36bdfa45c46b3e14d95d21502538e0915a90abb0e29c6786cf879f9	256	256	16	0	CC0-1.0
matcap_metal_carpaint_specular.png	metal_carpaint_specular.hdr	d13fe5a1d8ddb0173b2b55c79c401800b27011a89ae413a3c7c886b7bbc85d79	244ba78dc27898e9f2f60d8e02837b62a1341a79003ee5f449ae072e8208b2bb	c6f65062e8a40c649bb913fcaef2c09c91984eb727fa9338293fc911a727711e	256	256	16	0	CC0-1.0
matcap_toon_light_diffuse.png	toon_light_diffuse.hdr	5b39ff8586c2856f3c8c26f873d2149c062bdb4d4cf10f48f846b8967b34afc7	5467788e80028f6197674bd033428841608cc809c6b4cf08a934f7660afc0f4c	2cae022a05a29a691745791c7ee86cc80380a780ab4405540cdfb1028888d788	256	256	16	0	CC0-1.0
matcap_toon_light_specular.png	toon_light_specular.hdr	e3c41c5c69a40447bfdabee5fc7d52e1cf254959b80f78a02ff6f4e839dcb367	72e5d954264881b809d96badd27d891bdb0c4263178afd988d1b32afd35be308	54a48904ae01bc6046d12ac8628e95028332d72b18c6f2825c296c2d20a78f3f	256	256	16	0	CC0-1.0
matcap_check_rim_light_diffuse.png	check_rim_light_diffuse.hdr	b5beb95a1ef52e17414450bfe3a567a4e8978728510d98febfad432d0b048e34	61e7924a19a61b07c154afc1aad5b65a7692e877522ad21f7fce4a3e73bec1cc	58b901ac2e55e0b785db7ef053450322e7835cce38f3145c6707c99394f24495	256	256	16	0	CC0-1.0
matcap_check_rim_light_specular.png	check_rim_light_specular.hdr	b1ff505194f9b6af81bfb5662108ae842b950fe50918d5786710d9ee93abac50	7bb6e31e77334e5cb6af4ac033c10972efc6adfc1faae2796e8b77bb872c16b8	64d567fb69e1787365a18d865304aab9e9965f841151c1521fd41f6f228771ab	256	256	16	0	CC0-1.0
